Carbs,Protein,Fat,Fiber,Baseline_Libre,Age,Gender,BMI,A1c,HOMA,Insulin,TG,Cholesterol,HDL,Non HDL,LDL,VLDL,CHO/HDL ratio,Fasting BG
30.0,20.0,15.0,8.0,134.26666666666668,52.0,1.0,34.45714308864396,7.2,10.96148148148148,29.4,245.0,153.0,32.0,121.0,80.0,49.0,4.8,151.0
30.0,20.0,15.0,8.0,89.33333333333333,34.0,-1.0,37.00150586741852,5.7,7.741728395061728,25.7,312.0,202.0,40.0,162.0,108.0,62.0,5.1,122.0
