Carbs,Protein,Fat,Fiber,Baseline_Libre,Age,Gender,BMI,A1c,HOMA,Insulin,TG,Cholesterol,HDL,Non HDL,LDL,VLDL,CHO/HDL ratio,Fasting BG
30.0,20.0,15.0,8.0,78.8,51.0,-1.0,30.95753447826896,6.6,4.586666666666667,12.9,392.0,269.0,38.0,231.0,157.0,78.0,7.1,144.0
30.0,20.0,10.0,8.0,99.73333333333332,33.0,-1.0,42.384279387475225,5.5,5.029629629629629,19.4,300.0,267.0,46.0,221.0,164.0,60.0,5.8,105.0
